engine,mode,connections,run,at_ns,took_ns
sqlite,immediate,32,1,988099629,1022881
sqlite,immediate,32,1,1989180190,1736668
sqlite,immediate,32,1,2990972444,825699
sqlite,immediate,32,1,3991853759,847440
sqlite,immediate,32,1,4992759209,539318
sqlite,immediate,32,1,5993356989,486408
sqlite,immediate,32,1,6993901227,406207
sqlite,immediate,32,1,7994365846,2241560
sqlite,immediate,32,1,8996663854,824296
sqlite,immediate,32,1,9997548316,1101499
sqlite,immediate,32,1,10998706022,2116435
sqlite,immediate,32,1,12000878914,1328007
sqlite,immediate,32,1,13002262637,989358
sqlite,immediate,32,1,14003308563,735839
sqlite,immediate,32,1,15004101070,1114123
sqlite,immediate,32,1,16005270969,463134
sqlite,immediate,32,1,17005792405,2003321
sqlite,immediate,32,1,18007853927,585616
sqlite,immediate,32,1,19008496641,2174044
sqlite,immediate,32,1,20010726161,1066713
sqlite,immediate,32,1,21011848311,596515
sqlite,immediate,32,1,22012500182,1017491
sqlite,immediate,32,1,23013575623,2263192
sqlite,immediate,32,1,24015895022,883809
sqlite,immediate,32,1,25016837232,700232
sqlite,immediate,32,1,26017595455,2136623
sqlite,immediate,32,1,27019790910,690063
sqlite,immediate,32,1,28020536469,429831
sqlite,immediate,32,1,29021022878,922110
sqlite,immediate,32,1,30022002037,695192
sqlite,immediate,32,1,31022753336,1168726
sqlite,immediate,32,1,32023980454,879230
sqlite,immediate,32,1,33024916362,993836
sqlite,immediate,32,1,34025971675,813435
sqlite,immediate,32,1,35026844454,1051915
sqlite,immediate,32,1,36027952997,2291065
sqlite,immediate,32,1,37030300440,1535748
sqlite,immediate,32,1,38031892786,681557
sqlite,immediate,32,1,39032605002,1979126
sqlite,immediate,32,1,40034642499,1535408
sqlite,immediate,32,1,41036234245,819867
sqlite,immediate,32,1,42037108877,612696
sqlite,immediate,32,1,43037777099,889259
sqlite,immediate,32,1,44038722706,772688
sqlite,immediate,32,1,45039553605,590284
sqlite,immediate,32,1,46040200487,2837286
sqlite,immediate,32,1,47043058493,766868
sqlite,immediate,32,1,48043881327,917001
sqlite,immediate,32,1,49044854205,1775772
sqlite,immediate,32,1,50046690863,2006157
sqlite,immediate,32,1,51048752847,996540
sqlite,immediate,32,1,52049805495,927611
sqlite,immediate,32,1,53050788701,403492
sqlite,immediate,32,1,54051246998,2238926
sqlite,immediate,32,1,55053544365,1863188
sqlite,immediate,32,1,56055463610,642402
sqlite,immediate,32,1,57056162079,1007091
sqlite,immediate,32,1,58057226319,1237105
sqlite,immediate,32,1,59058518880,1010868
sqlite,immediate,32,1,60059585314,962297
sqlite,immediate,32,1,61060618466,1953838
sqlite,immediate,32,1,62062606990,1152205
sqlite,immediate,32,1,63063817146,745617
sqlite,immediate,32,1,64064605625,737943
sqlite,immediate,32,1,65065404314,1805718
sqlite,immediate,32,1,66067263445,986151
