engine,mode,connections,run,second,warmup,transactions,cpu_user_s,cpu_sys_s,cpu_percent
sqlite,immediate,1,2,1,1,248,0.017,0.012,0.12
sqlite,immediate,1,2,2,1,1347,0.074,0.059,0.55
sqlite,immediate,1,2,3,1,1349,0.083,0.058,0.59
sqlite,immediate,1,2,4,0,1372,0.085,0.054,0.58
sqlite,immediate,1,2,5,0,1401,0.082,0.060,0.59
sqlite,immediate,1,2,6,0,1366,0.093,0.045,0.58
sqlite,immediate,1,2,7,0,1352,0.090,0.047,0.57
sqlite,immediate,1,2,8,0,1342,0.092,0.044,0.57
sqlite,immediate,1,2,9,0,1336,0.078,0.058,0.57
sqlite,immediate,1,2,10,0,1353,0.092,0.046,0.58
sqlite,immediate,1,2,11,0,1310,0.094,0.041,0.56
sqlite,immediate,1,2,12,0,1348,0.092,0.046,0.57
sqlite,immediate,1,2,13,0,1337,0.082,0.055,0.57
sqlite,immediate,1,2,14,0,1349,0.088,0.049,0.57
sqlite,immediate,1,2,15,0,1339,0.082,0.054,0.57
sqlite,immediate,1,2,16,0,1349,0.088,0.050,0.57
sqlite,immediate,1,2,17,0,1315,0.083,0.053,0.57
sqlite,immediate,1,2,18,0,1319,0.077,0.059,0.57
sqlite,immediate,1,2,19,0,1327,0.082,0.056,0.58
sqlite,immediate,1,2,20,0,1367,0.094,0.048,0.59
sqlite,immediate,1,2,21,0,1335,0.087,0.051,0.57
sqlite,immediate,1,2,22,0,1384,0.088,0.054,0.59
sqlite,immediate,1,2,23,0,1410,0.088,0.058,0.60
sqlite,immediate,1,2,24,0,1379,0.087,0.055,0.59
sqlite,immediate,1,2,25,0,1417,0.088,0.058,0.61
sqlite,immediate,1,2,26,0,1395,0.085,0.058,0.60
sqlite,immediate,1,2,27,0,1401,0.091,0.053,0.60
sqlite,immediate,1,2,28,0,1412,0.081,0.065,0.61
sqlite,immediate,1,2,29,0,1400,0.092,0.053,0.60
sqlite,immediate,1,2,30,0,1414,0.093,0.053,0.61
sqlite,immediate,1,2,31,0,1374,0.092,0.050,0.59
sqlite,immediate,1,2,32,0,1400,0.090,0.054,0.60
sqlite,immediate,1,2,33,0,1377,0.097,0.046,0.59
